sales,CNYExchangeRateIndex,display_size,primary_camera,storage,battery,Prices
0.08,17.39908975,5,13,64,2600,2.756681741
2.46,5.799696582,5,13,64,2600,2.743846722
0.96,2.319878633,5,13,64,2600,2.731008244
1.21,430.3632818,5,13,64,2600,2.718169405
1.07,389.8454355,5,13,64,2600,2.705333344
1.37,407.6570442,5,13,64,2600,2.692494408
1.56,373.5969459,5,13,64,2600,2.67966406
1.22,368.853966,5,13,64,2600,2.666826744
1.62,392.2543113,5,13,64,2600,2.653983907
1.38,337.0835649,5,13,64,2600,2.641146779
1.05,350.6332393,5,13,64,2600,2.628307173
0.71,314.5825973,5,13,64,2600,2.592643013
1.03,406.4023545,5,13,64,2600,2.57375323
1.07,397.5706116,5,13,64,2600,2.558060244
0.95,276.9307377,5,13,64,2600,2.555203311
0.95,310.6282271,5,13,64,2600,2.550350672
0.96,325.7742328,5,13,64,2600,2.545455568
0.78,285.8545702,5,13,64,2600,2.540492148
0.53,321.3687517,5,13,64,2600,2.535484003
0.3,272.2142899,5,13,64,2600,2.504470862
0.27,277.5700491,5,13,64,2600,2.486614643
0.66,37.11805812,4,8,16,1570,2.824275565
1.56,28.99848291,4,8,16,1570,2.811440944
0.74,75.39605556,4,8,16,1570,2.798602311
1.99,513.2180171,4,8,16,1570,2.785763912
1.68,454.5215004,4,8,16,1570,2.772930173
0.52,464.6493074,4,8,16,1570,2.760090604
0.53,425.2807009,4,8,16,1570,2.744793503
0.68,513.8794694,4,8,16,1570,2.744793503
1.08,501.9167872,4,8,16,1570,2.747505027
1,390.6835853,4,8,16,1570,2.742316561
1.01,435.9212186,4,8,16,1570,2.754417145
0.79,462.6904905,4,8,16,1570,2.738511022
0.65,419.8130599,4,8,16,1570,2.705769662
0.76,468.9038813,4,8,16,1570,2.692406235
0.44,408.3547396,4,8,16,1570,2.683758266
0.67,388.9262041,4,8,16,1570,2.681214093
1.12,37.11805812,4,8,16,1510,2.706444663
1.49,28.99848291,4,8,16,1510,2.693612646
0.74,75.39605556,4,8,16,1510,2.680770497
1.05,455.5899668,4,8,16,1510,2.667938344
1.77,394.2939615,4,8,16,1510,2.6551
1.09,337.9286415,4,8,16,1510,2.642266619
0.51,356.0972925,4,8,16,1510,2.64912058
0.59,315.3861127,4,8,16,1510,2.64912058
0.95,407.1850893,4,8,16,1510,2.643728958
0.91,412.0200356,4,8,16,1510,2.639506411
0.85,314.585133,4,8,16,1510,2.658650437
0.72,357.1729342,4,8,16,1510,2.618550123
0.18,395.9799085,4,8,16,1510,2.615434481
0.05,363.1936101,4,8,16,1510,2.594414651
0.05,381.752144,4,8,16,1510,2.581038949
0.04,319.378023,4,8,16,1510,2.556386939
1.33,47.55751197,5.1,16,16,2800,2.759667845
1.1,47.55751197,5.1,16,16,2800,2.715167358
1.4,33.63824017,5.1,16,16,2800,2.705059352
1.68,492.2493687,5.1,16,16,2800,2.695980478
0.87,462.7384834,5.1,16,16,2800,2.691231833
0.51,403.430486,5.1,16,16,2800,2.663710346
1.27,349.7666403,5.1,16,16,2800,2.662190991
1.12,373.864681,5.1,16,16,2800,2.639566169
1.05,321.6549184,5.1,16,16,2800,2.619833923
0.38,103.2345992,5.5,8,32,3100,2.515926803
0.38,103.2345992,5.5,8,32,3100,2.721159097
0.9,5.799696582,5.5,8,32,3100,2.709040878
2.34,279.42589,5.5,8,32,3100,2.696574792
0.27,458.4532328,5.5,8,32,3100,2.683731279
0.93,402.0255711,5.5,8,32,3100,2.670894954
0.62,438.3930546,5.5,8,32,3100,2.658059119
0.42,368.0391942,5.5,8,32,3100,2.645225712
0.43,372.2193049,5.5,8,32,3100,2.632386423
0.32,362.7641449,5.5,8,32,3100,2.619552438
0.35,339.6667875,5.5,8,32,3100,2.606714483
0.15,391.0687668,5.5,8,32,3100,2.593872854
0.1,391.6966368,5.5,8,32,3100,2.581038949
0.12,332.2570292,5.5,8,32,3100,2.568201724
0.11,277.6996189,5.5,8,32,3100,2.556555765
0.11,297.6207648,5.5,8,32,3100,2.538510897
0.07,258.6135918,5.5,8,32,3100,2.551596365
0.02,352.7469193,5.5,8,32,3100,2.520758564
0.02,342.5921467,5.5,8,32,3100,2.503640901
0.3,5.799696582,5.7,12,32,3200,2.766212014
0.55,52.19726924,5.7,12,32,3200,2.753376203
1.03,93.95508462,5.7,12,32,3200,2.740536373
1.05,451.8989423,5.7,12,32,3200,2.727695754
0.43,486.5208578,5.7,12,32,3200,2.714866009
0.66,414.7677723,5.7,12,32,3200,2.702025351
0.73,417.5832921,5.7,12,32,3200,2.700522002
0.45,406.8120293,5.7,12,32,3200,2.6781267
0.31,382.4262764,5.7,12,32,3200,2.679227966
0.36,441.5378477,5.7,12,32,3200,2.682830738
0.5,531.9426705,5.7,12,32,3200,2.685705919
0.42,436.505857,5.7,12,32,3200,2.657667643
0.38,339.5079649,5.7,12,32,3200,2.615655515
0.31,393.9218284,5.7,12,32,3200,2.569537763
0.26,317.2425105,5.7,12,32,3200,2.636888907
0.26,487.7146878,5.7,12,32,3200,2.613429522
0.78,201.829441,4,8,16,1440,2.816804523
0.1,5.799696582,4,8,16,1440,2.816705184
1.12,57.99696582,4,8,16,1440,2.814613794
1.26,559.8524016,4,8,16,1440,2.814180981
0.765,512.1909868,4,8,16,1440,2.801341958
0.27,561.0463567,4,8,16,1440,2.788507752
0.71,560.596111,4,8,16,1440,2.77566869
0.22,497.5646187,4,8,16,1440,2.762836051
0.38,534.6758117,4,8,16,1440,2.749998977
0.26,522.2767374,4,8,16,1440,2.737160825
0.12,459.2074567,4,8,16,1440,2.724325032
0.04,448.6817881,4,8,16,1440,2.71148666
0.05,437.3355961,4,8,16,1440,2.698648507
0.07,425.161954,4,8,16,1440,2.685813369
0.08,414.4668866,4,8,16,1440,2.666779976
0.03,553.7156996,4,8,16,1440,2.666779976
0.05,445.0422806,4,8,16,1440,2.689406542
0.04,430.6344178,4,8,16,1440,2.628184508
0.03,544.3084708,4,8,16,1440,2.61658053
0.02,453.6335006,4,8,16,1440,2.583527489
0.01,300.0525868,4,8,16,1440,2.576709826
0.01,346.8116547,4,8,16,1440,2.578042935
0.01,267.8193849,4,8,16,1440,2.551998619
0.01,484.0725214,4,8,16,1440,2.522418149
0.78,222.7083487,4,8,32,1570,2.858934017
0.59,59.15690513,4,8,32,1570,2.84609577
0.51,5.799696582,4,8,32,1570,2.833261888
1.32,560.8931006,4,8,32,1570,2.820424791
0.83,600.8292143,4,8,32,1570,2.807582378
0.36,532.1604973,4,8,32,1570,2.794745898
0.3,569.4549427,4,8,32,1570,2.800675846
0.25,556.1068891,4,8,32,1570,2.800675846
0.46,490.956397,4,8,32,1570,2.812512284
0.4,549.0899828,4,8,32,1570,2.783617765
0.33,549.0899828,4,8,32,1570,2.823793638
0.52,510.1469454,4,8,32,1570,2.804773026
0.04,480.0327434,4,8,32,1570,2.785685668
0.05,520.8250049,4,8,32,1570,2.744191245
0.06,502.2018403,4,8,32,1570,2.730006634
0.06,483.2014712,4,8,32,1570,2.720630567
1.02,216.9086522,4.7,8,16,1810,2.796248143
1.03,111.3541744,4.7,8,16,1810,2.797468364
1.12,59.15690513,4.7,8,16,1810,2.780497331
1.23,544.6498674,4.7,8,16,1810,2.774487768
0.15,301.5869262,4.8,8,16,2100,2.529224966
0.45,15.07921111,4.8,8,16,2100,2.529224966
1.85,15.07921111,4.8,8,16,2100,2.529224966
1.195,391.0856294,4.8,8,16,2100,2.516389924
0.54,391.0856294,4.8,8,16,2100,2.503545557
0.22,249.3732261,4.8,8,16,2100,2.490716778
0.2,237.9105146,4.8,8,16,2100,2.47787338
0.27,302.43472,4.8,8,16,2100,2.465040635
0.13,224.8533889,4.8,8,16,2100,2.452200583
0.07,325.2987892,4.8,8,16,2100,2.439364278
0.02,231.1033929,4.8,8,16,2100,2.426527527
0.11,206.6565353,4.8,8,16,2100,2.41368526
0.02,233.420179,4.8,8,16,2100,2.400848705
0.23,301.5869262,4,8,32,1510,2.731548476
0.21,81.59266149,4,8,32,1510,2.718717537
0.51,301.5869262,4,8,32,1510,2.70588081
0.12,449.3130317,4,8,32,1510,2.693040679
0.5,391.4532082,4,8,32,1510,2.680199492
1.28,433.4908566,4,8,32,1510,2.667368888
0.34,498.4380609,4,8,32,1510,2.663870465
0.48,413.2852144,4,8,32,1510,2.667845042
0.29,462.0203468,4,8,32,1510,2.686591586
0.28,329.8922502,4,8,32,1510,2.669716582
0.2,462.3736165,4,8,32,1510,2.70341176
0.21,412.600689,4,8,32,1510,2.677342281
0.06,405.3747436,4,8,32,1510,2.697098511
0.07,489.8870929,4,8,32,1510,2.630041211
0.05,469.5013524,4,8,32,1510,2.627150705
0.05,426.4462429,4,8,32,1510,2.58500928
0.24,75.9900676,5.2,13,24,3000,2.627867464
0.46,75.9900676,5.2,13,24,3000,2.615034229
0.44,139.9838327,5.2,13,24,3000,2.602201114
0.52,375.6308191,5.2,13,24,3000,2.589357486
0.41,367.0692237,5.2,13,24,3000,2.576525627
0.41,550.7382904,5.2,13,24,3000,2.56368276
0.49,409.071451,5.2,13,24,3000,2.58067413
0.5,337.2434105,5.2,13,24,3000,2.556290437
0.51,393.6245596,5.2,13,24,3000,2.557519232
0.445,537.3348219,5.2,13,24,3000,2.523291129
0.38,389.3437619,5.2,13,24,3000,2.533772058
0.28,607.3304821,5.2,13,24,3000,2.527475228
0.19,246.1937987,5.2,13,24,3000,2.510906772
0.12,251.8391873,5.2,13,24,3000,2.468686952
0.22,421.4619384,5.2,13,24,3000,2.479272912
0.06,412.7271715,5.2,13,24,3000,2.484413738
0.67,15.07921111,4,8,64,1560,2.912471824
0.21,10.43945385,4,8,64,1560,2.899634493
0.51,95.51193328,4,8,64,1560,2.886795189
0.55,576.6892423,4,8,64,1560,2.873959655
0.31,690.1420728,4,8,64,1560,2.861122024
0.67,562.740531,4,8,64,1560,2.848287669
0.3,528.6376345,4,8,64,1560,2.859264423
0.25,546.0223137,4,8,64,1560,2.859264423
0.23,845.7182696,4,8,64,1560,2.856287728
0.22,596.4691666,4,8,64,1560,2.83092853
0.14,858.2212467,4,8,64,1560,2.869431215
0.41,577.0052515,4,8,64,1560,2.841728526
0.04,498.3138329,4,8,64,1560,2.821677259
0.02,608.3348728,4,8,64,1560,2.777948532
0.04,621.1164009,4,8,64,1560,2.770910895
0.04,647.533774,4,8,64,1560,2.74112007
0.86,139.9838327,4.7,8,64,1810,2.850946279
0.69,95.51193328,4.7,8,64,1810,2.852211526
1.07,139.9838327,4.7,8,64,1810,2.850774851
1.14,501.8930392,4.7,8,64,1810,2.833695214
0.73,139.9838327,4,8,32,1440,2.856928173
0.06,79.46988555,4,8,32,1440,2.856275635
0.75,95.51193328,4,8,32,1440,2.856003454
0.78,638.2534454,4,8,32,1440,2.855894534
0.45,637.5053449,4,8,32,1440,2.843052044
0.12,592.7217369,4,8,32,1440,2.83021644
0.25,576.5550057,4,8,32,1440,2.817380243
0.32,562.0709475,4,8,32,1440,2.804541497
0.12,608.5303016,4,8,32,1440,2.791704681
0.06,550.4124937,4,8,32,1440,2.778867246
0.05,537.161416,4,8,32,1440,2.766033417
0.07,705.8400838,4,8,32,1440,2.753192248
0.03,556.2810184,4,8,32,1440,2.740354793
0.05,483.6450713,4,8,32,1440,2.727516858
0.03,532.3833613,4,8,32,1440,2.739635625
0.02,658.0239891,4,8,32,1440,2.739635625
0.01,509.857222,4,8,32,1440,2.70623971
0.01,520.3237031,4,8,32,1440,2.668814408
0.01,760.8053741,4,8,32,1440,2.681024036
0.01,367.2683342,4,8,32,1440,2.664058765
0.01,338.189388,4,8,32,1440,2.659669048
0.01,529.912194,4,8,32,1440,2.636808734
0.01,517.1806306,4,8,32,1440,2.595220567
0.01,331.4564829,4,8,32,1440,2.558648581
0.54,10.43945385,3.5,8,8,1430,2.59206567
0.03,98.22872126,3.5,8,8,1430,2.579223224
0.72,10.43945385,3.5,8,8,1430,2.566390348
0.56,416.983757,3.5,8,8,1430,2.553555363
0.14,291.8796372,3.5,8,8,1430,2.540717288
0.31,265.6664311,3.5,8,8,1430,2.527874686
0.25,290.7122142,3.5,8,8,1430,2.52209196
0.19,621.0421781,3.5,8,8,1430,2.52209196
0.33,331.7954163,3.5,8,8,1430,2.500373714
0.34,610.9428204,3.5,8,8,1430,2.479719235
0.23,312.861093,3.5,8,8,1430,2.502085559
0.42,248.2335106,3.5,8,8,1430,2.490702748
0.03,307.281269,3.5,8,8,1430,2.481929682
0.02,370.1553467,3.5,8,8,1430,2.462682442
0.04,411.9963053,3.5,8,8,1430,2.462861996
0.04,360.1737456,3.5,8,8,1430,2.418847959
0.01,98.22872126,4.7,4,64,2300,2.769089178
0.07,150.0544619,4.7,4,64,2300,2.769089178
0.13,10.43945385,4.7,4,64,2300,2.769089178
1.74,557.0835128,4.7,4,64,2300,2.756248036
0.15,489.4128271,4.7,4,64,2300,2.743415684
0.05,505.2577721,4.7,4,64,2300,2.730572343
0.27,545.2247334,4.7,4,64,2300,2.717737056
0.13,533.7192238,4.7,4,64,2300,2.704905156
0.13,470.7135357,4.7,4,64,2300,2.69206219
0.08,444.0211324,4.7,4,64,2300,2.679227966
0.12,433.4923096,4.7,4,64,2300,2.666386924
0.1,423.2613416,4.7,4,64,2300,2.653550167
0.17,481.0058411,4.7,4,64,2300,2.640719886
0.18,419.5379153,4.7,4,64,2300,2.627109711
0.2,394.3347863,4.7,4,64,2300,2.603653098
0.17,401.0986217,4.7,4,64,2300,2.576410463
0.07,594.7663486,4.7,4,64,2300,2.567238165
0.05,428.1469945,4.7,4,64,2300,2.56729698
0.07,343.5678505,4.7,4,64,2300,2.584613876
0.01,405.7801729,4.7,4,64,2300,2.532410373
0.01,557.0011237,4.7,4,64,2300,2.501866819
0.01,416.2189465,4.7,4,64,2300,2.504239721
0.5,150.0544619,5.7,16,32,3220,2.813347434
1.06,146.2129124,5.7,16,32,3220,2.796407799
0.98,385.5942889,5.7,16,32,3220,2.778201915
1.06,465.7751692,5.7,16,32,3220,2.757039032
0.24,15.07921111,4.7,10,16,2200,2.656634747
0.3,198.9998746,4.7,10,16,2200,2.643798001
0.44,198.9998746,4.7,10,16,2200,2.630966595
0.22,329.2537424,4.7,10,16,2200,2.618131808
0.22,315.4636069,4.7,10,16,2200,2.605294269
0.17,394.3848919,4.7,10,16,2200,2.592454351
0.18,297.9594389,4.7,10,16,2200,2.565588108
0.32,425.906934,4.7,10,16,2200,2.548389418
0.36,300.0117675,4.7,10,16,2200,2.541491877
0.37,265.1954048,4.7,10,16,2200,2.534470332
0.31,287.7821537,4.7,10,16,2200,2.510464578
0.28,626.6004284,4.7,10,16,2200,2.479560915
0.06,335.381923,4.7,10,16,2200,2.451218259
0.04,609.9828982,4.7,10,16,2200,2.454417975
0.01,292.2939265,4.7,10,16,2200,2.450803173
0.03,224.7722455,4.7,10,16,2200,2.447158031
0.39,98.24096967,5.5,8,16,2915,2.852827534
0.5,154.2296881,5.5,8,16,2915,2.851997854
0.85,198.9998746,5.5,8,16,2915,2.83943405
0.68,647.8167455,5.5,8,16,2915,2.832106365
0.26,98.24096967,4.8,8,64,2100,2.613069761
0.12,154.2296881,4.8,8,64,2100,2.600951126
0.09,10.43945385,4.8,8,64,2100,2.600951126
0.22,438.4178549,4.8,8,64,2100,2.588484599
0.2,359.6853193,4.8,8,64,2100,2.575649615
0.21,374.6087148,4.8,8,64,2100,2.562804198
0.2,422.7770116,4.8,8,64,2100,2.54997137
0.1,414.9565899,4.8,8,64,2100,2.537138797
0.18,351.3691092,4.8,8,64,2100,2.524292243
0.13,329.0755377,4.8,8,64,2100,2.511455537
0.28,321.9200943,4.8,8,64,2100,2.498627542
0.09,314.9655298,4.8,8,64,2100,2.485778193
0.11,379.1308849,4.8,8,64,2100,2.472946503
0.12,316.5962865,4.8,8,64,2100,2.460115709
0.15,295.3071093,4.8,8,64,2100,2.422097163
0.08,304.0586751,4.8,8,64,2100,2.422097163
0.01,510.8032855,4.8,8,64,2100,2.420021796
0.01,337.3065217,4.8,8,64,2100,2.40462849
0.81,83.3175742,4.7,8,128,1810,2.892228211
0.75,154.2296881,4.7,8,128,1810,2.907233952
0.41,310.9773115,4.7,8,128,1810,2.902568521
0.4,633.2115285,4.7,8,128,1810,2.897951317
0.02,154.2296881,5.8,8,8,2600,2.516522153
0.08,154.2296881,5.8,8,8,2600,2.503695373
0.07,146.7615192,5.8,8,8,2600,2.490857059
0.3,636.9047397,5.8,8,8,2600,2.47801787
0.2,235.997465,5.8,8,8,2600,2.465174578
0.2,229.5624148,5.8,8,8,2600,2.452338544
0.44,420.7628235,5.8,8,8,2600,2.439506377
0.46,414.6948967,5.8,8,8,2600,2.415857739
0.1,211.3586343,5.8,8,8,2600,2.410085184
0.11,201.0042199,5.8,8,8,2600,2.40757784
0.19,286.6315545,5.8,8,8,2600,2.405055936
0.18,188.5220234,5.8,8,8,2600,2.402519303
0.07,334.4581744,5.8,8,8,2600,2.343073634
0.06,205.0307027,5.8,8,8,2600,2.327174959
0.04,185.4464988,5.8,8,8,2600,2.331872498
0.04,195.5371975,5.8,8,8,2600,2.294223659
0.03,556.4977823,5.8,8,8,2600,2.437972408
0.28,106.1661462,4,8,64,1440,2.679000661
0.11,409.3644104,4,8,64,1440,2.765228823
0.21,90.27991406,4,8,64,1440,2.777027871
0.12,359.7766907,4,8,64,1440,2.893606431
0.37,509.5932313,4,8,64,1440,2.880767875
0.12,579.4067126,4,8,64,1440,2.867932765
0.23,754.7066049,4,8,64,1440,2.855094951
0.1,691.2546744,4,8,64,1440,2.842253422
0.07,617.2227372,4,8,64,1440,2.829419569
0.06,661.0397237,4,8,64,1440,2.816579321
0.05,492.1538781,4,8,64,1440,2.803743819
0.07,632.5564872,4,8,64,1440,2.790904138
0.03,666.5900556,4,8,64,1440,2.778071622
0.05,531.1189545,4,8,64,1440,2.765228823
0.03,534.1627935,4,8,64,1440,2.777027871
0.06,580.40418,4,8,64,1440,2.777027871
0.01,568.2960338,4,8,64,1440,2.762340898
0.01,520.7039101,4,8,64,1440,2.717412512
0.01,504.817678,4,8,64,1440,2.700703717
0.01,491.0332324,4,8,64,1440,2.714061387
0.01,451.6471228,4,8,64,1440,2.710582734
0.01,512.5971757,4,8,64,1440,2.688802331
0.01,464.7556852,4,8,64,1440,2.661973506
0.01,446.0086611,4,8,64,1440,2.641226155
0.23,106.1661462,5.5,8,64,2915,2.902323868
0.3,329.9332499,5.5,8,64,2915,2.912142313
0.7,164.8689486,5.5,8,64,2915,2.907142531
0.73,643.4517963,5.5,8,64,2915,2.890828852
0.43,164.8689486,5.5,13,16,3000,2.72177765
0.39,222.3939687,5.5,13,16,3000,2.680607429
0.41,329.9332499,5.5,13,16,3000,2.624756363
0.39,465.3804344,5.5,13,16,3000,2.64067022
0.57,496.8732101,5.5,13,16,3000,2.606531837
0.52,456.8082686,5.5,13,16,3000,2.584523448
0.49,157.4007797,4,8,16,1800,2.545777039
0.26,409.3644104,4,8,16,1800,2.532945376
0.08,15.07921111,4,8,16,1800,2.520103441
0.08,258.4751164,4,8,16,1800,2.507275526
0.04,448.8373754,4,8,16,1800,2.494432899
0.05,441.9520794,4,8,16,1800,2.481600265
0.07,237.8261553,4,8,16,1800,2.468760747
0.08,226.6959329,4,8,16,1800,2.455925441
0.11,316.1261121,4,8,16,1800,2.455925441
0.22,214.283005,4,8,16,1800,2.455925441
0.22,355.3080143,4,8,16,1800,2.455925441
0.11,226.9057175,4,8,16,1800,2.455925441
0.1,208.3466884,4,8,16,1800,2.455925441
0.23,42.91775471,5.5,8,128,2915,2.94928264
0.3,409.3644104,5.5,8,128,2915,2.943054062
0.41,106.1661462,5.5,8,128,2915,2.938544741
0.4,1025.702303,5.5,8,128,2915,2.93780365
0.09,90.27991406,4.5,5,4,1800,2.046729222
0.14,28.99848291,4.5,5,4,1800,2.033906037
0.19,106.1661462,4.5,5,4,1800,2.021065197
0.18,242.0064295,4.5,5,4,1800,2.008216802
0.2,287.4208241,4.5,5,4,1800,1.995371906
0.25,237.5801678,4.5,5,4,1800,1.995371906
0.35,176.757747,4.5,5,4,1800,1.995371906
0.13,233.4032729,4.5,5,4,1800,2.062130535
0.13,78.97377813,4.5,5,4,1800,2.062130535
0.14,233.4032729,4.5,5,4,1800,2.062130535
0.22,292.4497223,4.5,5,4,1800,1.919078092
0.05,170.2019914,4.5,5,4,1800,1.906227263
0.04,186.0882235,4.5,5,4,1800,1.893428842
0.05,222.3618627,4.5,5,4,1800,2
0.07,164.8689486,4.7,13,32,2100,2.656625171
0.14,106.1661462,4.7,13,32,2100,2.650258942
0.08,90.27991406,4.7,13,32,2100,2.650258942
0.14,404.4475185,4.7,13,32,2100,2.650258942
0.2,399.8757928,4.7,13,32,2100,2.637419676
0.13,474.4648273,4.7,13,32,2100,2.624581151
0.12,415.7620249,4.7,13,32,2100,2.611744544
0.12,390.8570248,4.7,13,32,2100,2.598910824
0.25,397.9877095,4.7,13,32,2100,2.586069443
0.11,613.2555596,4.7,13,32,2100,2.57323143
0.09,439.9413715,4.7,13,32,2100,2.560396874
0.01,357.3379632,4.7,13,32,2100,2.547553196
0.01,424.1481373,4.7,13,32,2100,2.534723972
0.03,474.1228831,4.7,13,32,2100,2.434536969
0.02,574.3266226,4.7,13,32,2100,2.393926007
0.03,337.6422623,4.7,13,32,2100,2.404371819
0.04,353.2656084,4.7,13,32,2100,2.404149249
0.09,164.8689486,4,5,4,1400,1.871456174
0.14,157.4007797,4,5,4,1400,1.858597345
0.18,404.7246531,4,5,4,1400,1.845779967
0.18,66.60117432,4,5,4,1400,1.832955751
0.19,65.09804633,4,5,4,1400,1.820070034
0.2,259.9319008,4,5,4,1400,1.730378469
0.2,258.518822,4,5,4,1400,1.764811039
0.2,60.85188292,4,5,4,1400,1.796713063
0.21,47.67131083,4,5,4,1400,1.730378469
0.21,50.74337196,4,5,4,1400,1.766189693
0.12,200.3798496,4,5,4,1400,1.737033531
0.04,66.2303399,4,5,4,1400,1.773201142
0.03,50.87151882,4,5,4,1400,1.598133646
0.03,80.72454083,4,5,4,1400,1.579783597
0.13,404.7246531,5,4,16,2600,2.745730425
0.6,106.1661462,5,4,16,2600,2.737526587
0.28,404.7246531,5,4,16,2600,2.716946075
0.21,474.8350863,5,4,16,2600,2.704365036
0.4,407.4958093,5,4,16,2600,2.691558865
0.25,467.1454509,5,4,16,2600,2.681512587
0.28,510.9013328,5,4,16,2600,2.679173424
0.11,551.8504402,5,4,16,2600,2.670134481
0.03,492.9261385,5,4,16,2600,2.670830087
0.13,106.1661462,5.1,16,16,2800,2.693946678
0.13,106.1661462,5.1,16,16,2800,2.693946678
0.16,160.2291914,5.1,16,16,2800,2.67413518
0.16,352.7993667,5.1,16,16,2800,2.664162295
0.16,502.5891042,5.1,16,16,2800,2.661358284
0.21,538.4608254,5.1,16,16,2800,2.654657755
0.09,408.7875037,5.1,16,16,2800,2.64615857
0.08,423.7763985,5.1,16,16,2800,2.615518698
0.08,472.9767901,5.1,16,16,2800,2.60129931
0.08,466.9157901,5.1,16,16,2800,2.60129931
0.2,89.11997474,5,8,16,2600,2.667107248
0.11,89.11997474,5,8,16,2600,2.654272827
0.08,89.11997474,5,8,16,2600,2.641434447
0.08,482.0717534,5,8,16,2600,2.628593256
0.08,418.6366706,5,8,16,2600,2.61576073
0.05,392.4886089,5,8,16,2600,2.602916877
0.07,400.6961106,5,8,16,2600,2.590083553
0.07,605.4483114,5,8,16,2600,2.577250458
0.13,437.8506976,5,8,16,2600,2.566684917
0.06,358.6578388,5,8,16,2600,2.528505339
0.05,421.9189263,5,8,16,2600,2.570741362
0.08,471.0288802,5,8,16,2600,2.553033016
0.05,553.3999071,5,8,16,2600,2.574933662
0.05,358.1473647,5,8,16,2600,2.539276882
0.04,407.725796,5,8,16,2600,2.490084955
0.01,420.526628,5,8,16,2600,2.497372016
0.01,396.7839562,5,8,16,2600,2.464638559
0.01,628.1063942,5,8,16,2600,2.507882846
0.2,15.07921111,4,8,8,1510,2.541379522
0.3,15.07921111,4,8,8,1510,2.518224314
0.25,106.1661462,4,8,8,1510,2.517090282
0.29,454.6313821,4,8,8,1510,2.498186452
0.05,213.6875843,4,5,4,2460,2.304296603
0.13,15.07921111,4,5,4,2460,2.291457654
0.13,10.43945385,4,5,4,2460,2.278616434
0.28,150.0225515,4,5,4,2460,2.265784468
0.18,293.3147216,4,5,4,2460,2.252950069
0.16,160.5672069,4,5,4,2460,2.240099746
0.08,138.1776259,4,5,4,2460,2.227269517
0.1,166.9362045,4,5,4,2460,2.214419939
0.13,534.406798,4,5,4,2460,2.214419939
0.06,223.0637868,4,5,4,2460,2.17498965
0.04,527.4937946,4,5,4,2460,2.147521744
0.03,204.9294803,4,5,4,2460,2.118198568
0.02,132.638119,4,5,4,2460,2.086751231
0.02,203.4538543,4,5,4,2460,2.061942292
0.01,260.4444861,4,5,4,2460,2.035629828
0.1,213.6875843,4,8,32,1570,2.819306983
0.1,169.5087059,4,8,32,1570,2.806464886
0.17,106.1661462,4,8,32,1570,2.793629764
0.09,563.0893488,4,8,32,1570,2.780792399
0.08,549.7759294,4,8,32,1570,2.767956901
0.09,600.1999007,4,8,32,1570,2.755119899
0.07,428.5861104,4,8,32,1570,2.737574272
0.06,575.4779476,4,8,32,1570,2.741844656
0.08,607.8326809,4,8,32,1570,2.754890865
0.07,469.9787409,4,8,32,1570,2.739770066
0.07,488.4455366,4,8,32,1570,2.750230604
0.06,563.4459968,4,8,32,1570,2.722403554
0.03,549.9663329,4,8,32,1570,2.685634271
0.03,481.172542,4,8,32,1570,2.695446651
0.03,456.983957,4,8,32,1570,2.67775291
0.03,427.3093011,4,8,32,1570,2.64526503
0.23,169.5087059,4,5,4,2100,2.429461577
0.21,106.1661462,4,5,4,2100,2.433369747
0.16,91.43985338,4,5,4,2100,2.561745189
0.02,292.3739191,4,5,4,2100,2.561745189
0.04,528.2637029,4,5,4,2100,2.548905105
0.06,422.0203551,4,5,4,2100,2.536065795
0.06,343.9515026,4,5,4,2100,2.523226042
0.03,414.6640329,4,5,4,2100,2.51039754
0.05,467.1729432,4,5,4,2100,2.497551599
0.04,571.4526571,4,5,4,2100,2.484712579
0.05,324.7289954,4,5,4,2100,2.471878199
0.02,387.3237278,4,5,4,2100,2.459045517
0.02,380.9787267,4,5,4,2100,2.446210858
0.016666667,363.1097339,4,5,4,2100,2.433369747
0.013333333,510.1037357,4,5,4,2100,2.420137355
0.01,208.608672,4,5,4,2100,2.406489084
0.03,15.07921111,6,13,32,3500,2.746338342
0.17,72.52790599,6,13,32,3500,2.733502208
0.23,149.8909219,6,13,32,3500,2.692185725
0.1,536.1463282,6,13,32,3500,2.650977394
0.1,390.0854015,6,13,32,3500,2.644940545
0.115,351.4139953,6,13,32,3500,2.59236554
0.13,320.54792,6,13,32,3500,2.638629007
0.03,413.4720179,6,13,32,3500,2.581198461
0.09,299.9563526,6,13,32,3500,2.598297954
0.09,311.8547143,6,13,32,3500,2.52815795
0.1,306.9972553,6,13,32,3500,2.534318077
0.07,585.4540873,6,13,32,3500,2.531823661
0.24,72.52790599,4,5,8,1800,2.595661531
0.22,310.7695685,4,5,8,1800,2.591342912
0.06,78.6805209,4,5,8,1800,2.591342912
0.08,302.020556,4,5,8,1800,2.578513143
0.1,342.8485049,4,5,8,1800,2.56567076
0.06,438.6693655,4,5,8,1800,2.552838494
0.03,412.342611,4,5,8,1800,2.539602957
0.03,423.1532055,4,5,8,1800,2.525964278
0.02,319.9136809,4,5,8,1800,2.511869998
0.02,312.4880901,4,5,8,1800,2.497316744
0.02,305.0694262,4,5,8,1800,2.473457773
0.02,393.4646959,4,5,8,1800,2.074852996
0.016666667,228.1367192,4,5,8,1800,2.063370894
0.013333333,355.9510673,4,5,8,1800,2.051576958
0.01,160.9785103,4,5,8,1800,2.039453779
0.01,152.6785696,4,5,8,1800,2.026982443
0.01,246.3521045,4,5,8,1800,2.014142362
0.01,244.2047788,4,5,8,1800,2.001300933
0.01,152.3892074,4,5,8,1800,1.98811284
0.01,150.2418817,4,5,8,1800,1.975615598
0.16,78.6805209,4.3,8,16,2100,2.462113367
0.21,168.3487666,4.3,8,16,2100,2.449277791
0.13,72.52790599,4.3,8,16,2100,2.436433003
0.14,279.4277669,4.3,8,16,2100,2.423606271
0.13,267.4288846,4.3,8,16,2100,2.410760367
0.14,357.5697224,4.3,8,16,2100,2.397922637
0.1,262.3946253,4.3,8,16,2100,2.397922637
0.14,408.4481936,4.3,8,16,2100,2.397922637
0.08,242.4745746,4.3,8,16,2100,2.397922637
0.08,341.5132676,4.3,8,16,2100,2.397922637
0.08,280.8088504,4.3,8,16,2100,2.397922637
0.05,251.8450219,4.3,8,16,2100,2.385275512
0.02,489.7337661,4.3,8,16,2100,2.372249014
0.02,188.2437121,4.3,8,16,2100,2.359418056
0.01,183.2736921,4.3,8,16,2100,2.346587665
0.1,78.32760257,5.1,16,16,2800,2.705590055
0.06,152.2108005,5.1,16,16,2800,2.681241237
0.09,152.2108005,5.1,16,16,2800,2.673408004
0.06,366.7418931,5.1,16,16,2800,2.660571424
0.11,342.9285953,5.1,16,16,2800,2.681241237
0.14,336.9853519,5.1,16,16,2800,2.659621502
0.4,427.5989713,5.1,16,16,2800,2.648106192
0.24,28.99848291,5.7,8,8,3200,2.430784318
0.23,10.43945385,5.7,8,8,3200,2.462966701
0.24,42.91775471,5.7,8,8,3200,2.462966701
0.24,503.3450403,5.7,8,8,3200,2.462966701
0.2,279.4696794,5.7,8,8,3200,2.462966701
0.06,316.5692651,4,5,4,2500,2.453027694
0.08,94.91967133,4,5,4,2500,2.440184654
0.17,28.99848291,4,5,4,2500,2.427356256
0.11,274.9187343,4,5,4,2500,2.414505394
0.19,392.8496277,4,5,4,2500,2.401676196
0.12,337.518082,4,5,4,2500,2.388829154
0.03,381.8913397,4,5,4,2500,2.375992639
0.1,252.9952315,4,5,4,2500,2.36316053
0.1,247.9039916,4,5,4,2500,2.36316053
0.01,242.9651424,4,5,4,2500,2.301290494
0.055,361.8311615,4,5,4,2500,2.301290494
0.1,170.2836086,4,5,4,2500,2.301290494
0.22,152.2108005,4,3.2,4,2100,2.376138792
0.23,94.91967133,4,3.2,4,2100,2.363292252
0.03,78.32760257,4,3.2,4,2100,2.350461236
0.05,243.0205573,4,3.2,4,2100,2.363292252
0.07,361.8796495,4,3.2,4,2100,2.339093523
0.07,357.2248015,4,3.2,4,2100,2.337618972
0.01,312.1034432,4,3.2,4,2100,2.324796718
0.02,246.1468158,4,3.2,4,2100,2.311944485
0.02,245.6342284,4,3.2,4,2100,2.299114884
0.02,241.2495279,4,3.2,4,2100,2.286276786
0.01,344.0499193,4,3.2,4,2100,2.273441134
0.02,216.2551814,4,3.2,4,2100,2.260596042
0.03,228.829673,4,3.2,4,2100,2.247776931
0.02,208.3377837,4,3.2,4,2100,2.234567898
0.01,328.2081971,4,3.2,4,2100,2.220918364
0.01,217.4696274,4,3.2,4,2100,2.20685285
0.01,391.8704614,4,3.2,4,2100,2.064195836
0.14,75.8616847,4,5,4,1400,1.857332496
0.16,201.9870068,4,5,4,1400,1.857332496
0.25,110.563648,4,5,4,1400,1.798097932
0.31,144.7930425,4,5,4,1400,1.828981954
0.14,316.5692651,5,5,4,2000,2.021189299
0.16,284.0909642,5,5,4,2000,2.021189299
0.25,15.07921111,5,5,4,2000,2.059108818
0.32,87.81121081,5,5,4,2000,2.004493338
0.2,64.40833077,4.7,13,32,2400,2.666779976
0.18,131.3318928,4.7,13,32,2400,2.666779976
0.18,131.3318928,4.7,13,32,2400,2.666779976
0.24,336.6793332,4.7,13,32,2400,2.539264336
0.25,332.0395759,4.7,13,32,2400,2.539264336
0.09,332.0395759,4.7,13,32,2400,2.504701881
0.07,332.9096325,4.7,13,32,2400,2.376814112
0.13,28.99848291,5.5,13,32,3000,2.723841358
0.23,10.43945385,5.5,13,32,3000,2.648457594
0.14,42.91775471,5.5,13,32,3000,2.633377547
0.15,650.8472678,5.5,13,32,3000,2.63317546
0.19,372.7227409,5.5,13,32,3000,2.571697188
0.15,381.1127923,5.5,13,32,3000,2.5655763
0.09,28.99848291,4.5,8,16,1700,2.679009755
0.11,64.40833077,4.5,8,16,1700,2.807379412
0.11,64.40833077,4.5,8,16,1700,2.807379412
0.11,518.8528696,4.5,8,16,1700,2.807379412
0.09,632.612644,4.5,8,16,1700,2.794543811
0.07,508.9532398,4.5,8,16,1700,2.781705123
0.09,508.9532398,4.5,8,16,1700,2.768867396
0.03,496.0069438,4.5,8,16,1700,2.756027213
0.02,607.0941023,4.5,8,16,1700,2.743196081
0.01,417.260699,4.5,8,16,1700,2.730354228
0.01,526.3012854,4.5,8,16,1700,2.71752072
0.01,466.791088,4.5,8,16,1700,2.704682331
0.01,436.7061201,4.5,8,16,1700,2.691841505
0.01,425.8655887,4.5,8,16,1700,2.679009755
0.08,131.3318928,4.3,8,8,2000,2.397922637
0.07,131.3318928,4.3,8,8,2000,2.36316053
0.1,83.32027816,4.3,8,8,2000,2.36316053
0.05,256.4847791,4.3,8,8,2000,2.491529775
0.01,243.1644329,4.3,8,8,2000,2.478696332
0.04,347.9118897,4.3,8,8,2000,2.46585853
0.03,279.2240236,4.3,8,8,2000,2.453027694
0.035,291.881019,4.3,8,8,2000,2.440184654
0.04,266.8942179,4.3,8,8,2000,2.427356256
0.03,384.6588667,4.3,8,8,2000,2.414505394
0.03,274.1828991,4.3,8,8,2000,2.401676196
0.03,442.0544627,4.3,8,8,2000,2.388829154
0.02,242.2990285,4.3,8,8,2000,2.375992639
0.03,362.7353639,4.3,8,8,2000,2.36316053
0.03,262.7128625,4.3,8,8,2000,2.36316053
0.02,247.957818,4.3,8,8,2000,2.36316053
0.03,443.935119,4.3,8,8,2000,2.337479228
0.01,443.935119,4.3,8,8,2000,2.324652786
0.02,174.9233659,4.3,8,8,2000,2.311817412
0.02,165.7452802,4.3,8,8,2000,2.311817412
0.02,210.6896993,4.3,8,8,2000,2.311817412
0.02,275.6731228,4.3,8,8,2000,2.309906836
0.01,157.1005625,4.3,8,8,2000,2.307987817
0.01,152.4608053,4.3,8,8,2000,2.306060282
0.1,10.43945385,4.3,16,8,2330,2.498227823
0.06,95.05673886,4.3,16,8,2330,2.485394873
0.06,28.99848291,4.3,16,8,2330,2.472551683
0.14,228.5938918,4.3,16,8,2330,2.459709045
0.14,254.7202647,4.3,16,8,2330,2.460942923
0.06,489.7216445,4.3,16,8,2330,2.436496591
0.08,264.0472796,4.3,16,8,2330,2.408968832
0.06,276.5675934,4.3,16,8,2330,2.424963263
0.06,218.2471461,4.3,16,8,2330,2.433273671
0.03,242.0337277,4.3,16,8,2330,2.387621151
0.02,353.7977394,4.3,16,8,2330,2.405004665
0.02,357.358144,4.3,16,8,2330,2.397087956
0.01,233.5136935,4.3,16,8,2330,2.366067905
0.01,240.41977,4.3,16,8,2330,2.337099696
0.07,64.40833077,4,5,8,1850,2.439316901
0.07,169.5087059,4,5,8,1850,2.580160583
0.02,10.43945385,4,5,8,1850,2.56769671
0.035,324.1334152,4,5,8,1850,2.554852434
0.05,339.8097989,4,5,8,1850,2.542015815
0.06,320.4041891,4,5,8,1850,2.529186444
0.03,312.943964,4,5,8,1850,2.516350247
0.06,317.6577098,4,5,8,1850,2.50350469
0.05,367.9250059,4,5,8,1850,2.490674685
0.06,361.1020516,4,5,8,1850,2.477830024
0.04,297.1819202,4,5,8,1850,2.464995979
0.04,290.7537968,4,5,8,1850,2.452154586
0.04,284.5057717,4,5,8,1850,2.439316901
0.04,371.5928353,4,5,8,1850,2.439316901
0.02,272.5569432,4,5,8,1850,2.439316901
0.01,254.8899745,4,5,8,1850,2.439316901
0.02,359.9903497,4,5,8,1850,2.439316901
0.02,266.842286,4,5,8,1850,2.439316901
0.01,422.4931629,4,5,8,1850,2.411080712
0.01,252.375063,4,5,8,1850,2.3789064
0.03,169.5087059,4.5,5,4,2460,2.375370938
0.19,95.05673886,4.5,5,4,2460,2.36253902
0.14,76.36064226,4.5,5,4,2460,2.349704811
0.13,448.492991,4.5,5,4,2460,2.336859821
0.08,444.3774441,4.5,5,4,2460,2.324014798
0.09,201.36522,4.5,5,4,2460,2.311181486
0.08,196.8489092,4.5,5,4,2460,2.297826143
0.02,211.6226576,4.5,5,4,2460,2.282735373
0.03,275.214679,4.5,5,4,2460,2.194625329
0.05,183.9164669,4.5,5,4,2460,2.48174352
0.02,161.8209681,4.5,5,4,2460,2.343546443
0.03,154.8305939,4.5,5,4,2460,2.299376533
0.02,239.0277175,4.5,5,4,2460,2.239024047
0.02,247.8905354,4.5,5,4,2460,1.914396052
0.02,189.0480311,4.5,5,4,2460,1.906927347
0.01,171.1421054,4.5,5,4,2460,2.329316505
0.07,28.99848291,4.8,8,16,1200,2.534330767
0.12,103.2345992,4.8,8,16,1200,2.534330767
0.03,284.7618756,4.8,8,16,1200,2.42109366
0.055,370.4658911,4.8,8,16,1200,2.40825693
0.08,302.6207795,4.8,8,16,1200,2.395413767
0.08,229.0518679,4.8,8,16,1200,2.38257532
0.04,289.8485827,4.8,8,16,1200,2.369735215
0.05,253.3935744,4.8,8,16,1200,2.356905035
0.04,218.1893189,4.8,8,16,1200,2.344058072
0.03,213.3197384,4.8,8,16,1200,2.331224781
0.02,223.1143136,4.8,8,16,1200,2.318397279
0.02,265.4798993,4.8,8,16,1200,2.305544824
0.02,328.9245073,4.8,8,16,1200,2.29232254
0.03,324.6021485,4.8,8,16,1200,2.278685023
0.02,205.5408771,4.8,8,16,1200,2.264605344
0.015,201.3432017,4.8,8,16,1200,2.25002945
0.01,197.1455263,4.8,8,16,1200,2.25002945
0.01,230.6264283,4.8,8,16,1200,2.25002945
0.16,180.4126908,4.3,8,8,1900,2.482301767
0.1,28.99848291,4.3,8,8,1900,2.469468548
0.05,133.4011333,4.3,8,8,1900,2.456624104
0.05,291.5259228,4.3,8,8,1900,2.44379477
0.04,269.732062,4.3,8,8,1900,2.427924078
0.08,263.7818917,4.3,8,8,1900,2.417820317
0.04,273.6823389,4.3,8,8,1900,2.418268138
0.06,365.9624123,4.3,8,8,1900,2.369549802
0.09,361.6954683,4.3,8,8,1900,2.388047889
0.05,314.8709359,4.3,8,8,1900,2.401779521
0.06,295.6142732,4.3,8,8,1900,2.357038667
0.01,81.22654086,4.3,10,16,2000,2.596937801
0.03,81.22654086,4.3,10,16,2000,2.584093655
0.05,81.22654086,4.3,10,16,2000,2.571266162
0.05,454.2382794,4.3,10,16,2000,2.558420545
0.05,347.07239,4.3,10,16,2000,2.545591604
0.05,323.6645714,4.3,10,16,2000,2.532754379
0.05,331.8125238,4.3,10,16,2000,2.519906711
0.08,489.3947636,4.3,10,16,2000,2.507072897
0.08,301.7618493,4.3,10,16,2000,2.459317083
0.04,324.4253796,4.3,10,16,2000,2.458123945
0.06,303.8695822,4.3,10,16,2000,2.423245874
0.05,484.2207262,4.3,10,16,2000,2.456350848
0.05,433.7961139,4.3,10,16,2000,2.457518572
0.02,229.9592862,4.3,10,16,2000,2.433913775
0.03,244.4987593,4.3,10,16,2000,2.453042996
0.02,256.0710011,4.3,10,16,2000,2.454021206
0.02,297.16892,4.3,10,16,2000,2.440594262
0.06,242.9956313,4.3,10,16,2000,2.43841576
0.14,28.99848291,3.5,3.2,2,1500,2.243062865
0.11,46.39757265,3.5,3.2,2,1500,2.23021894
0.08,28.99848291,3.5,3.2,2,1500,2.217378648
0.1,199.8393518,3.5,3.2,2,1500,2.20455406
0.06,168.7315591,3.5,3.2,2,1500,2.191730393
0.07,165.3027649,3.5,3.2,2,1500,2.178890655
0.06,139.9390264,3.5,3.2,2,1500,2.166045088
0.06,210.9472273,3.5,3.2,2,1500,2.1532049
0.06,339.4592469,3.5,3.2,2,1500,2.1532049
0.04,210.5693523,3.5,3.2,2,1500,2.032135047
0.1,57.43644646,3.5,3.2,4,1500,2.099335278
0.1,46.39757265,3.5,3.2,4,1500,2.086502199
0.083333333,112.5141137,3.5,3.2,4,1500,2.073681699
0.066666667,167.1371955,3.5,3.2,4,1500,2.060848873
0.05,135.5726941,3.5,3.2,4,1500,2.048014291
0.1,133.1136599,3.5,3.2,4,1500,2.035149458
0.06,137.1230107,3.5,3.2,4,1500,2.022304623
0.03,189.8801808,3.5,3.2,4,1500,2.009493388
0.02,252.0407846,3.5,3.2,4,1500,1.996642991
0.03,249.8518977,3.5,3.2,4,1500,1.996642991
0.02,128.235853,3.5,3.2,4,1500,2.022304623
0.02,126.1716496,3.5,3.2,4,1500,2.009493388
0.02,126.1716496,3.5,3.2,4,1500,1.996642991
0.02,176.153624,3.5,3.2,4,1500,1.996642991
0.01,99.79788947,3.5,3.2,4,1500,1.998346537
0.01,177.7776108,3.5,3.2,4,1500,2.024772913
0.01,126.1716496,3.5,3.2,4,1500,2.039889798
0.01,126.441797,3.5,3.2,4,1500,2.009110806
0.01,153.4012378,3.5,3.2,4,1500,2.029870564
0.05,176.9328729,4,5,8,2460,2.474944335
0.08,176.9328729,4,5,8,2460,2.462113367
0.06,109.0424076,4,5,8,2460,2.449277791
0.12,315.8090925,4,5,8,2460,2.436433003
0.05,280.8138476,4,5,8,2460,2.423606271
0.07,274.9675802,4,5,8,2460,2.410760367
0.07,366.1538286,4,5,8,2460,2.397922637
0.07,241.1505508,4,5,8,2460,2.397922637
0.06,258.4262454,4,5,8,2460,2.397922637
0.03,412.0997078,4,5,8,2460,2.397922637
0.025,230.6009474,4,5,8,2460,2.397922637
0.02,251.7769264,4,5,8,2460,2.397922637
0.03,253.2311025,4,5,8,2460,2.397922637
0.02,408.048986,4,5,8,2460,2.397922637
0.02,408.048986,4,5,8,2460,2.397922637
0.02,219.5620736,4,5,8,2460,2.397922637
0.01,219.5620736,4,5,8,2460,2.397922637
0.1,57.43644646,4,5,4,1750,2.060848873
0.17,109.0424076,4,5,4,1750,2.048014291
0.22,46.39757265,4,5,4,1750,2.035149458
0.12,108.6850471,4,5,4,1750,2.022304623
0.12,123.7636398,4,5,4,1750,2.009493388
0.11,104.1063946,4,5,4,1750,1.996642991
0.11,151.5314503,4,5,4,1750,1.996642991
0.03,121.8367365,4,5,4,1750,1.996642991
0.16,51.03732992,5.7,12.8,3,3200,2.716779369
0.09,28.99848291,5.7,12.8,3,3200,2.703944478
0.09,103.2345992,5.7,12.8,3,3200,2.665740422
0.1,595.7252527,5.7,12.8,3,3200,2.678135813
0.04,459.375133,5.7,12.8,3,3200,2.697874201
0.06,378.2676874,5.7,12.8,3,3200,2.6685909
0.06,376.517729,5.7,12.8,3,3200,2.662427264
0.055,457.9841854,5.7,12.8,3,3200,2.639815074
0.05,403.0105339,5.7,12.8,3,3200,2.627959533
0.02,369.4303172,5.7,12.8,3,3200,2.634588097
0.01,353.2768864,5.7,12.8,3,3200,2.583062681
0.01,351.5369458,5.7,12.8,3,3200,2.537479079
0.1,112.5141137,4,3,2,1750,1.882638362
0.17,176.9328729,4,3,2,1750,1.869818208
0.22,176.9328729,4,3,2,1750,1.856970433
0.12,110.30222,4,3,2,1750,1.844104231
0.12,108.7644577,4,3,2,1750,1.831293744
0.11,107.2682565,4,3,2,1750,1.818423855
0.11,151.6117692,4,3,2,1750,1.818423855
0.04,75.969501,4,3,2,1750,1.818423855
0.08,109.0424076,5,8,14.9,2300,2.59074155
0.05,57.43644646,5,8,14.9,2300,2.577905217
0.06,57.43644646,5,8,14.9,2300,2.565068222
0.1,350.0131501,5,8,14.9,2300,2.491277629
0.09,439.0174386,5,8,14.9,2300,2.500250201
0.11,431.3840421,5,8,14.9,2300,2.482058517
0.09,323.733417,5,8,14.9,2300,2.503600042
0.07,328.2150936,5,8,14.9,2300,2.525109622
0.09,290.2482269,5,8,14.9,2300,2.474696928
0.07,80.06660154,4,5,4,2000,2.346059433
0.05,176.9328729,4,5,4,2000,2.333205373
0.04,57.43644646,4,5,4,2000,2.320374802
0.05,233.7389266,4,5,4,2000,2.307538823
0.08,388.1258553,4,5,4,2000,2.294708658
0.09,202.2839556,4,5,4,2000,2.281873857
0.08,219.2414785,4,5,4,2000,2.269022335
0.09,216.6018821,4,5,4,2000,2.256188383
0.09,367.4437496,4,5,4,2000,2.256188383
0.065,319.4981654,4,5,4,2000,2.190863733
0.04,171.3442213,4,5,4,2000,2.113943352
0.02,171.3442213,4,5,4,2000,2.113943352
0.02,150.6181609,4,5,4,2000,2.113943352
0.02,175.6929571,4,5,4,2000,2.113943352
0.04,46.39757265,5.2,13,16,2300,2.608376251
0.17,28.99848291,5.2,13,16,2300,2.587048357
0.21,46.39757265,5.2,13,16,2300,2.575811118
0.35,310.1319057,5.2,13,16,2300,2.482559178
0.13,60.39143224,4.5,5,4,2070,2.216139501
0.22,51.03732992,4.5,5,4,2070,2.203304916
0.14,51.03732992,4.5,5,4,2070,2.190471771
0.09,142.9383556,4.5,5,4,2070,2.177623062
0.08,213.8565073,4.5,5,4,2070,2.16479882
0.09,193.0447342,4.5,5,4,2070,2.228451691
0.07,147.3902455,4.5,5,4,2070,2.228451691
0.06,46.39757265,5.9,4,24,3300,2.734279644
0.09,112.5141137,5.9,4,24,3300,2.721447865
0.07,63.23343908,5.9,4,24,3300,2.708607836
0.2,426.7154255,5.9,4,24,3300,2.695770526
0.23,415.7779181,5.9,4,24,3300,2.709278443
0.05,397.2350547,5.9,4,24,3300,2.693366352
0.1,456.3148128,5.9,4,24,3300,2.663267357
0.03,397.7822764,5.9,4,24,3300,2.651471852
0.02,385.0230056,5.9,4,24,3300,2.649977062
0.02,362.1297428,5.9,4,24,3300,2.590094714
0.02,413.696335,5.9,4,24,3300,2.546172368
0.02,338.3934828,5.9,4,24,3300,2.589614541
0.01,355.1886055,5.9,4,24,3300,2.53118503
0.2,43.12026532,4.5,8,8,2000,2.247776931
0.19,63.23343908,4.5,8,8,2000,2.247776931
0.11,145.9833359,4.5,8,8,2000,2.247776931
0.14,268.533292,4.5,8,8,2000,2.247776931
0.1,208.1937707,4.5,8,8,2000,2.282531484
0.11,208.1937707,4.5,8,8,2000,2.282531484
0.06,185.7833951,4.5,8,8,2000,2.282531484
0.02,195.9935825,4.5,8,8,2000,2.282531484
0.18,145.9833359,4.7,13,64,2400,2.728929753
0.18,43.12026532,4.7,13,64,2400,2.728929753
0.18,63.23343908,4.7,13,64,2400,2.728929753
0.07,569.7993827,4.7,13,64,2400,2.716086854
0.07,414.1989278,4.7,13,64,2400,2.703256977
0.03,434.3121015,4.7,13,64,2400,2.546369898
0.03,551.0699255,4.7,13,64,2400,2.385659887
